Name,Rating,Address,Phone
The 10 Best Restaurants in Downtown Toronto,N/A,N/A,N/A
50 Best Restaurants to Visit - Toronto - blogTO,N/A,N/A,N/A
The best restaurants in downtown Toronto,N/A,N/A,N/A
Top 10 Must-Try Dishes in Toronto - A Culinary Adventure - City Unscripted,N/A,N/A,N/A
Toronto's City Centre | Things to Do Downtown,N/A,N/A,N/A
44 Best Local Restaurants in Toronto - Trendy & Authentic Places to Eat,N/A,N/A,N/A
Top 10 Toronto Restaurants To Spot Celebrities During TIFF - Snappy,N/A,N/A,N/A
Toronto Restaurants for a First-Time Tourist : r/FoodToronto,N/A,N/A,N/A
The Joneses: American Restaurant â€” Downtown Toronto,N/A,N/A,N/A
Restaurants & Bars Downtown Toronto | Dining,N/A,N/A,N/A
30 Best Fun Restaurants in Financial District | OpenTable,N/A,N/A,N/A
Liuyishou Hotpot Downtown Toronto,N/A,N/A,N/A
"Hyatt Regency - Restaurants in Downtown Toronto, Ontario",N/A,N/A,N/A
